{
  "version": 1,
  "dependencies": [
    {
      "source": {
        "git": {
          "remote": "https://github.com/brancz/kubernetes-grafana",
          "subdir": "grafana"
        }
      },
      "version": "release-0.1"
    },
    {
      "source": {
        "git": {
          "remote": "https://github.com/coreos/etcd",
          "subdir": "Documentation/etcd-mixin"
        }
      },
      "version": "e8ba375032e8e48d009759dfb285f7812e7bcb8c"
    },
    {
      "source": {
        "git": {
          "remote": "https://github.com/coreos/prometheus-operator",
          "subdir": "jsonnet/prometheus-operator"
        }
      },
      "version": "release-0.42"
    },
    {
      "source": {
        "git": {
          "remote": "https://github.com/ksonnet/ksonnet-lib",
          "subdir": ""
        }
      },
      "version": "0d2f82676817bbf9e4acf6495b2090205f323b9f",
      "name": "ksonnet"
    },
    {
      "source": {
        "git": {
          "remote": "https://github.com/kubernetes-monitoring/kubernetes-mixin",
          "subdir": ""
        }
      },
      "version": "release-0.5"
    },
    {
      "source": {
        "git": {
          "remote": "https://github.com/kubernetes/kube-state-metrics",
          "subdir": "jsonnet/kube-state-metrics"
        }
      },
      "version": "release-1.9"
    },
    {
      "source": {
        "git": {
          "remote": "https://github.com/kubernetes/kube-state-metrics",
          "subdir": "jsonnet/kube-state-metrics-mixin"
        }
      },
      "version": "release-1.9"
    },
    {
      "source": {
        "git": {
          "remote": "https://github.com/prometheus/node_exporter",
          "subdir": "docs/node-mixin"
        }
      },
      "version": "ff2ff3410f4ea8195e51f5fb8d84151684f91b3f"
    },
    {
      "source": {
        "git": {
          "remote": "https://github.com/prometheus/prometheus",
          "subdir": "documentation/prometheus-mixin"
        }
      },
      "version": "release-2.20",
      "name": "prometheus"
    }
  ],
  "legacyImports": true
}
